,spending,advance_payments,probability_of_full_payment,current_balance,credit_limit,min_payment_amt,max_spent_in_single_shopping,spending_MinMaxScale,advance_payments_MinMaxScale,probability_of_full_payment_MinMaxScale,current_balance_MinMaxScale,credit_limit_MinMaxScale,min_payment_amt_MinMaxScale,max_spent_in_single_shopping_MinMaxScale,clusters
0,19.94,16.92,0.8752,6.675,3.763,3.252,6.55,0.8829084041548634,0.9318181818181821,0.6088929219600718,1.0,0.8075552387740557,0.32335617417987494,1.0,1
1,15.99,14.89,0.9064,5.3629999999999995,3.582,3.3360000000000003,5.144,0.5099150141643061,0.5123966942148761,0.8920145190562607,0.2612612612612608,0.6785459729151817,0.3342781729056418,0.3077301821762677,3
2,18.95,16.42,0.8829,6.247999999999999,3.755,3.3680000000000003,6.148,0.7894239848914071,0.8285123966942152,0.6787658802177852,0.7595720720720718,0.8018531717747683,0.33843893432498157,0.8020679468242244,1
3,10.83,12.96,0.8099,5.278,2.641,5.182,5.185,0.022662889518413776,0.11363636363636376,0.016333938294009975,0.21340090090090058,0.007840342124020072,0.5743020972838031,0.3279172821270304,2
4,17.99,15.86,0.8992,5.89,3.694,2.068,5.837000000000001,0.6987724268177526,0.7128099173553717,0.8266787658802173,0.5579954954954953,0.7583749109052029,0.16940800166430459,0.6489414081733136,1
5,12.7,13.41,0.8874,5.183,3.091,8.456,5.0,0.19924457034938614,0.20661157024793386,0.7196007259528123,0.15990990990990994,0.32858161083392745,1.0000000000000002,0.2368291482028555,2
6,12.02,13.33,0.8503,5.35,2.81,4.271,5.308,0.13503305004721433,0.19008264462809876,0.38294010889292096,0.2539414414414414,0.12829650748396326,0.45585042062697473,0.3884785819793204,2
7,13.74,14.05,0.8744,5.482,3.114,2.932,4.825,0.2974504249291785,0.33884297520661155,0.6016333938293998,0.32826576576576594,0.34497505345687807,0.2817485599864775,0.15066469719350062,3
8,18.17,16.26,0.8637,6.271,3.512,2.853,6.273,0.7157695939565631,0.7954545454545454,0.5045372050816699,0.7725225225225225,0.6286528866714185,0.2714766802324826,0.8636139832594778,1
9,11.23,12.88,0.8511,5.14,2.795,4.325,5.003,0.06043437204910296,0.09710743801652866,0.39019963702359295,0.13569819819819795,0.11760513186029953,0.4628717055221106,0.23830625307730147,2
10,18.55,16.22,0.8865,6.153,3.674,1.7380000000000002,5.894,0.7516525023607179,0.7871900826446279,0.7114337568058069,0.7060810810810807,0.7441197434069851,0.12650014952736355,0.6770064007877892,1
11,14.09,14.41,0.8529,5.7170000000000005,3.1860000000000004,3.92,5.2989999999999995,0.3305004721435316,0.4132231404958677,0.4065335753176038,0.4605855855855858,0.39629365645046355,0.410212068808592,0.3840472673559816,3
12,12.15,13.45,0.8443,5.417000000000001,2.8369999999999997,3.638,5.337999999999999,0.14730878186968854,0.21487603305785097,0.32849364791288593,0.29166666666666696,0.14754098360655754,0.37354535880066053,0.40324963072378095,2
13,18.98,16.57,0.8687,6.449,3.552,2.144,6.452999999999999,0.7922568460812089,0.8595041322314048,0.549909255898366,0.8727477477477477,0.6571632216678547,0.17928981003523647,0.9522402757262429,1
14,12.1,13.15,0.8793,5.105,2.9410000000000003,2.201,5.056,0.14258734655335226,0.1528925619834709,0.6460980036297634,0.11599099099099108,0.22166785459729188,0.18670116631343536,0.26440177252584895,3
15,12.79,13.53,0.8786,5.224,3.054,5.483,4.958,0.20774315391879128,0.23140495867768562,0.6397459165154267,0.18299549549549576,0.30220955096222357,0.6134392593844674,0.21614967996061019,2
16,16.14,14.99,0.9034,5.6579999999999995,3.562,1.355,5.175,0.5240793201133147,0.5330578512396693,0.8647912885662432,0.42736486486486447,0.6642908054169634,0.07670103628964102,0.3229935992122104,3
17,10.8,12.57,0.8590000000000001,4.981,2.821,4.773,5.063,0.019830028328612137,0.03305785123966931,0.46188747731397495,0.0461711711711712,0.13613684960798333,0.5211223653928669,0.267848350566223,2
18,13.22,13.84,0.868,5.395,3.07,4.157,5.088,0.24834749763928254,0.2954545454545454,0.5435571687840284,0.2792792792792791,0.3136136849607982,0.44102770807057695,0.28015755785327423,2
19,12.7,13.71,0.8491,5.386,2.911,3.26,5.316,0.19924457034938614,0.26859504132231393,0.3720508166969143,0.274211711711712,0.2002851033499644,0.3243963645347099,0.3924175283111766,2
20,12.37,13.47,0.8567,5.204,2.96,3.9189999999999996,5.001,0.16808309726156745,0.21900826446280997,0.4410163339382933,0.17173423423423406,0.23521026372059883,0.41008204501423756,0.23732151649433764,2
21,13.07,13.92,0.848,5.472,2.9939999999999998,5.303999999999999,5.395,0.2341831916902739,0.31198347107438007,0.3620689655172411,0.32263513513513553,0.2594440484675695,0.5901650001950357,0.43131462333825654,2
22,17.98,15.85,0.8993,5.979,3.687,2.2569999999999997,5.919,0.6978281397544854,0.7107438016528924,0.8275862068965516,0.6081081081081083,0.7533856022808265,0.19398249879727986,0.6893156080748395,1
23,12.62,13.67,0.8481,5.41,2.911,3.306,5.231,0.19169027384324844,0.2603305785123964,0.36297640653357455,0.28772522522522515,0.2002851033499644,0.33037745907501076,0.35056622353520384,2
24,15.11,14.54,0.8986,5.579,3.4619999999999997,3.128,5.18,0.42681775259678956,0.44008264462809876,0.8212341197822131,0.38288288288288275,0.5930149679258732,0.3072332236799335,0.3254554406696206,3
25,15.56,14.89,0.8823,5.776,3.408,4.9719999999999995,5.847,0.469310670443815,0.5123966942148761,0.673321234119781,0.4938063063063063,0.5545260156806842,0.546997100469386,0.6538650910881341,3
26,12.78,13.57,0.8716,5.2620000000000005,3.0260000000000002,1.176,4.782,0.20679886685552407,0.23966942148760317,0.576225045372051,0.2043918918918921,0.2822523164647188,0.053426777100209336,0.12949286065977317,3
27,11.02,13.0,0.8189,5.325,2.701,6.735,5.162999999999999,0.04060434372049104,0.12190082644628086,0.09800362976406429,0.2398648648648649,0.05060584461867457,0.7762290499161348,0.31708517971442607,2
28,11.35,13.12,0.8291,5.176,2.668,4.337,5.132000000000001,0.07176581680830973,0.14669421487603262,0.19056261343012615,0.15596846846846857,0.027084818246614573,0.464431991054363,0.3018217626784834,2
29,11.23,12.82,0.8594,5.0889999999999995,2.821,7.524,4.957,0.06043437204910296,0.08471074380165255,0.4655172413793105,0.10698198198198172,0.13613684960798333,0.8788178236617302,0.21565731166912805,2
30,13.78,14.06,0.8759,5.479,3.156,3.136,4.872,0.30122757318224735,0.34090909090909083,0.6152450090744095,0.32657657657657646,0.3749109052031361,0.30827341403476843,0.17380600689315573,3
31,11.84,13.21,0.8521,5.175,2.8360000000000003,3.5980000000000003,5.044,0.11803588290840428,0.165289256198347,0.3992740471869318,0.15540540540540526,0.14682822523164663,0.3683444070264859,0.25849335302806464,2
32,12.55,13.57,0.8558,5.332999999999999,2.968,4.419,5.176,0.18508026440037795,0.23966942148760317,0.4328493647912879,0.24436936936936915,0.24091233071988616,0.47509394219142104,0.3234859675036925,2
33,15.88,14.9,0.8988,5.617999999999999,3.5069999999999997,0.7651,5.091,0.4995278564683665,0.5144628099173554,0.8230490018148817,0.40484234234234195,0.6250890947968635,0.0,0.2816346627277202,3
34,11.82,13.4,0.8274,5.314,2.7769999999999997,4.471,5.178,0.11614730878186985,0.20454545454545459,0.17513611615244962,0.2336711711711712,0.10477548111190305,0.4818551794978481,0.32447070408665635,2
35,11.19,13.05,0.8253,5.25,2.675,5.813,5.218999999999999,0.056657223796034106,0.1322314049586777,0.15607985480943753,0.1976351351351351,0.03207412687099076,0.6563471115214086,0.3446578040374195,2
36,11.14,12.79,0.8558,5.011,2.7939999999999996,6.388,5.0489999999999995,0.05193578847969804,0.07851239669421428,0.4328493647912879,0.06306306306306331,0.11689237348538839,0.7311107932751695,0.26095519448547444,2
37,12.22,13.32,0.8652,5.224,2.967,5.468999999999999,5.221,0.15391879131255926,0.18801652892561949,0.5181488203266778,0.18299549549549576,0.24019957234497524,0.6116189262635062,0.3456425406203838,2
38,11.81,13.45,0.8198,5.412999999999999,2.716,4.898,5.352,0.11520302171860264,0.21487603305785097,0.10617059891106972,0.2894144144144142,0.06129722024233808,0.5373753396871628,0.41014278680452954,2
39,19.51,16.71,0.878,6.3660000000000005,3.801,2.9619999999999997,6.185,0.8423040604343723,0.8884297520661155,0.6343012704174225,0.826013513513514,0.83464005702067,0.28564927381710853,0.8202855736090591,1
40,18.72,16.34,0.8809999999999999,6.218999999999999,3.6839999999999997,2.188,6.097,0.7677053824362607,0.8119834710743801,0.66152450090744,0.743243243243243,0.7512473271560938,0.18501085698682862,0.7769571639586412,1
41,13.84,13.94,0.8955,5.324,3.3789999999999996,2.259,4.805,0.30689329556185085,0.3161157024793386,0.7931034482758612,0.2393018018018016,0.5338560228082676,0.19424254638598865,0.14081733136385965,3
42,16.87,15.65,0.8648,6.138999999999999,3.463,3.696,5.9670000000000005,0.5930122757318226,0.6694214876033056,0.5145190562613431,0.698198198198198,0.5937277263007841,0.38108673887321387,0.7129492860659776,1
43,20.03,16.9,0.8811,6.492999999999999,3.8569999999999998,3.063,6.32,0.8914069877242685,0.9276859504132227,0.6624319419237743,0.8975225225225221,0.8745545260156804,0.2987816770468996,0.8867552929591334,1
44,10.79,12.93,0.8107,5.317,2.648,5.462000000000001,5.194,0.018885741265344702,0.10743801652892548,0.023593466424681964,0.23536036036036068,0.012829650748396482,0.6107087597030258,0.3323485967503692,2
45,11.18,12.72,0.868,5.0089999999999995,2.81,4.051,4.828,0.05571293673276689,0.06404958677685935,0.5435571687840284,0.06193693693693669,0.12829650748396326,0.4272451858690141,0.15214180206794659,2
46,13.16,13.82,0.8662,5.454,2.975,0.8551,5.056,0.24268177525967904,0.2913223140495864,0.5272232304900175,0.3125,0.24590163934426257,0.011702141491893012,0.26440177252584895,3
47,19.06,16.45,0.8854,6.416,3.719,2.248,6.162999999999999,0.7998111425873466,0.8347107438016526,0.7014519056261328,0.854166666666667,0.7761938702779758,0.19281228464809064,0.8094534711964547,1
48,18.96,16.2,0.9077,6.051,3.897,4.334,5.75,0.7903682719546745,0.7830578512396689,0.9038112522686017,0.6486486486486487,0.9030648610121166,0.4640419196712999,0.606105366814377,1
49,18.83,16.29,0.8917,6.037000000000001,3.786,2.553,5.879,0.7780925401322001,0.8016528925619832,0.7586206896551726,0.6407657657657664,0.8239486813970063,0.23246954192617253,0.6696208764155585,1
50,12.73,13.75,0.8458,5.412000000000001,2.8819999999999997,3.533,5.067,0.202077431539188,0.27685950413223104,0.3421052631578938,0.28885135135135176,0.17961511047754786,0.35989286039345203,0.2698178237321516,2
51,18.72,16.19,0.8977,6.006,3.8569999999999998,5.324,5.879,0.7677053824362607,0.78099173553719,0.8130671506352094,0.623310810810811,0.8745545260156804,0.5927654760821232,0.6696208764155585,1
52,19.46,16.5,0.8985,6.1129999999999995,3.892,4.308,6.0089999999999995,0.837582625118036,0.8450413223140494,0.8203266787658787,0.6835585585585582,0.899501069137562,0.4606613010180864,0.733628754308222,1
53,19.38,16.72,0.8716,6.303,3.7910000000000004,3.678,5.965,0.8300283286118981,0.8904958677685948,0.576225045372051,0.7905405405405403,0.8275124732715613,0.3787463105748352,0.7119645494830129,1
54,18.81,16.29,0.8906,6.272,3.693,3.237,6.053,0.7762039660056657,0.8016528925619832,0.7486388384754985,0.7730855855855858,0.757662152530292,0.32140581726455947,0.7552929591334316,1
55,16.23,15.18,0.885,5.872000000000001,3.472,3.7689999999999997,5.922000000000001,0.5325779036827196,0.5723140495867765,0.697822141560799,0.5478603603603607,0.6001425516749823,0.3905784758610826,0.6907927129492863,1
56,12.38,13.44,0.8609,5.218999999999999,2.989,5.472,5.045,0.16902738432483488,0.2128099173553717,0.47912885662431925,0.18018018018017967,0.25588025659301494,0.6120089976465695,0.2589857213195468,2
57,11.83,13.23,0.8496,5.263,2.84,5.195,5.307,0.11709159584513706,0.16942148760330555,0.3765880217785842,0.20495495495495497,0.1496792587312903,0.5759924066104098,0.3879862136878387,2
58,10.93,12.8,0.8390000000000001,5.046,2.717,5.398,5.045,0.032105760151085905,0.080578512396694,0.2803992740471868,0.08277027027027062,0.062009978617248995,0.6023872368643463,0.2589857213195468,2
59,18.65,16.41,0.8698,6.285,3.594,4.391,6.102,0.76109537299339,0.8264462809917354,0.5598911070780392,0.7804054054054057,0.6870990734141127,0.47145327594949876,0.779419005416051,1
60,14.79,14.52,0.8819,5.545,3.2910000000000004,2.7039999999999997,5.111000000000001,0.3966005665722381,0.4359504132231402,0.6696914700544454,0.36373873873873874,0.4711332858161088,0.25210313487368186,0.29148202855736116,3
61,11.41,12.95,0.856,5.09,2.775,4.957,4.825,0.07743153918791323,0.11157024793388404,0.43466424682395566,0.10754504504504503,0.10334996436208144,0.5450467435540705,0.15066469719350062,2
62,11.27,12.97,0.8419,5.088,2.763,4.309,5.0,0.06421152030217181,0.11570247933884303,0.30671506352087086,0.10641891891891886,0.09479686386315045,0.46079132481244073,0.2368291482028555,2
63,15.26,14.85,0.8696,5.7139999999999995,3.242,4.543,5.314,0.440982058545798,0.5041322314049586,0.5580762250453724,0.45889639639639634,0.43620812544547394,0.49121689269136265,0.3914327917282123,3
64,14.34,14.37,0.8726,5.63,3.19,1.3130000000000002,5.15,0.3541076487252126,0.4049586776859502,0.5852994555353899,0.411599099099099,0.39914468995010677,0.07124003692675764,0.31068439192516006,3
65,18.85,16.17,0.9056,6.152,3.806,2.843,6.2,0.779981114258735,0.7768595041322315,0.8847549909255896,0.7055180180180183,0.8382038488952246,0.2701764422889389,0.8276710979812898,1
66,20.71,17.23,0.8763,6.579,3.8139999999999996,4.4510000000000005,6.4510000000000005,0.9556185080264403,0.995867768595041,0.618874773139745,0.945945945945946,0.8439059158945115,0.4792547036107609,0.9512555391432795,1
67,14.11,14.1,0.8911,5.42,3.302,2.7,5.0,0.33238904627006605,0.34917355371900793,0.7531760435571684,0.293355855855856,0.47897362794012843,0.25158303969626444,0.2368291482028555,3
68,19.15,16.45,0.889,6.245,3.815,3.0839999999999996,6.185,0.8083097261567516,0.8347107438016526,0.7341197822141563,0.7578828828828832,0.8446186742694224,0.3015121767283413,0.8202855736090591,1
69,12.19,13.2,0.8783,5.1370000000000005,2.9810000000000003,3.6310000000000002,4.87,0.1510859301227574,0.16322314049586728,0.6370235934664237,0.13400900900900936,0.25017818959372806,0.37263519224018005,0.1728212703101919,2
70,13.54,13.85,0.8871,5.348,3.156,2.5869999999999997,5.178,0.2785646836638338,0.2975206611570247,0.7168784029038111,0.2528153153153152,0.3749109052031361,0.23689035093422095,0.32447070408665635,3
71,12.49,13.46,0.8658,5.267,2.967,4.421,5.002,0.17941454202077445,0.2169421487603307,0.523593466424682,0.2072072072072073,0.24019957234497524,0.4753539897801298,0.23781388478581933,2
72,20.1,16.99,0.8746,6.581,3.785,1.955,6.449,0.898016997167139,0.9462809917355366,0.6034482758620685,0.9470720720720722,0.8232359230220954,0.15471531290226115,0.9502708025603148,1
73,20.2,16.89,0.8894,6.285,3.864,5.172999999999999,6.187,0.9074598677998111,0.9256198347107438,0.7377495462794919,0.7804054054054057,0.8795438346400568,0.5731318831346136,0.8212703101920238,1
74,13.34,13.95,0.862,5.388999999999999,3.074,5.995,5.307,0.2596789423984893,0.3181818181818179,0.48911070780399246,0.2759009009009006,0.3164647184604419,0.6800114420939033,0.3879862136878387,2
75,18.94,16.32,0.8942,6.144,3.825,2.908,5.949,0.7884796978281401,0.8078512396694215,0.7813067150635202,0.7010135135135136,0.8517462580185315,0.2786279889219727,0.7040866568193005,1
76,15.03,14.77,0.8658,5.702000000000001,3.2119999999999997,1.933,5.439,0.41926345609065163,0.4876033057851239,0.523593466424682,0.4521396396396402,0.4148253741981469,0.15185478942646508,0.45297882816346613,3
77,12.13,13.73,0.8081,5.394,2.745,4.825,5.22,0.14542020774315412,0.2727272727272725,0.0,0.27871621621621623,0.08196721311475441,0.5278836026992941,0.34515017232890166,2
78,16.82,15.51,0.8786,6.017,3.486,4.004,5.841,0.5882908404154865,0.6404958677685948,0.6397459165154267,0.6295045045045047,0.6101211689237351,0.4211340675343587,0.6509108813392417,1
79,14.29,14.09,0.905,5.291,3.3369999999999997,2.699,4.825,0.3493862134088763,0.34710743801652866,0.8793103448275854,0.2207207207207209,0.50392017106201,0.25145301590191005,0.15066469719350062,3
80,14.52,14.6,0.8557,5.7410000000000005,3.113,1.4809999999999999,5.487,0.37110481586402266,0.45247933884297487,0.43194192377495444,0.4740990990990994,0.34426229508196715,0.09308403437829123,0.4766125061546034,3
81,12.88,13.5,0.8879,5.138999999999999,3.1189999999999998,2.352,4.607,0.21624173748819664,0.2252066115702478,0.7241379310344822,0.13513513513513464,0.34853884533143265,0.20633475926094474,0.04332840965041829,3
82,13.94,14.17,0.8728,5.585,3.15,2.124,5.012,0.3163361661945232,0.3636363636363633,0.5871143375680576,0.38626126126126126,0.3706343549536706,0.17668933414814914,0.2427375677006398,3
83,18.59,16.05,0.9066,6.037000000000001,3.86,6.001,5.877000000000001,0.7554296506137868,0.7520661157024793,0.8938294010889276,0.6407657657657664,0.8766928011404131,0.6807915848600296,0.6686361398325951,1
84,10.91,12.8,0.8372,5.088,2.675,4.178999999999999,4.956,0.03021718602455148,0.080578512396694,0.2640653357531759,0.10641891891891886,0.03207412687099076,0.44388823154637297,0.21516494337764636,2
85,14.49,14.61,0.8538,5.715,3.113,4.1160000000000005,5.396,0.368271954674221,0.45454545454545414,0.41470054446460924,0.4594594594594592,0.34426229508196715,0.43569673250204805,0.4318069916297387,3
86,16.63,15.46,0.8747,6.053,3.465,2.04,5.877000000000001,0.5703493862134088,0.6301652892561984,0.6043557168784028,0.6497747747747749,0.5951532430506059,0.1657673354223823,0.6686361398325951,3
87,15.38,14.9,0.8706,5.8839999999999995,3.2680000000000002,4.462,5.795,0.45231350330500497,0.5144628099173554,0.5671506352087112,0.5546171171171168,0.45473984319315774,0.48068496534865884,0.6282619399310683,3
88,16.17,15.38,0.8588,5.7620000000000005,3.387,4.2860000000000005,5.702999999999999,0.5269121813031163,0.6136363636363638,0.4600725952813063,0.48592342342342354,0.5395580898075554,0.45780077754229037,0.5829640571147214,1
89,13.2,13.66,0.8883,5.236000000000001,3.2319999999999998,8.315,5.056,0.2464589235127479,0.2582644628099171,0.7277676950998178,0.18975225225225278,0.4290805416963648,0.9816666449960343,0.26440177252584895,2
90,13.99,13.83,0.9183,5.119,3.383,5.234,4.781000000000001,0.3210576015108595,0.29338842975206614,1.0,0.12387387387387383,0.5367070563079117,0.5810633345902302,0.12900049236829148,2
91,21.18,17.21,0.8989,6.5729999999999995,4.033,5.78,6.231,1.0,0.9917355371900825,0.823956442831216,0.9425675675675675,1.0000000000000002,0.6520563263077145,0.8429345150172325,1
92,15.26,14.84,0.871,5.763,3.312,2.221,5.22,0.440982058545798,0.5020661157024793,0.5707803992740468,0.4864864864864864,0.48610121168923714,0.1893016422005227,0.34515017232890166,3
93,11.18,13.04,0.8266,5.22,2.693,3.332,5.001,0.05571293673276689,0.13016528925619797,0.16787658802177763,0.18074324324324298,0.04490377761938724,0.3337580777282243,0.23732151649433764,2
94,11.87,13.02,0.8795,5.132000000000001,2.9530000000000003,3.597,5.132000000000001,0.12086874409820592,0.12603305785123942,0.6479128856624312,0.13119369369369416,0.23022095509622287,0.3682143832321315,0.3018217626784834,2
95,18.43,15.97,0.9077,5.98,3.7710000000000004,2.984,5.905,0.7403210576015109,0.7355371900826446,0.9038112522686017,0.6086711711711716,0.813257305773343,0.2885097972929046,0.6824224519940914,1
96,19.57,16.74,0.8779,6.3839999999999995,3.772,1.472,6.273,0.8479697828139756,0.8946280991735533,0.633393829401089,0.8361486486486482,0.8139700641482535,0.09191382022910193,0.8636139832594778,1
97,16.16,15.33,0.8644,5.845,3.395,4.266,5.795,0.5259678942398491,0.6033057851239669,0.5108892921960067,0.5326576576576576,0.5452601568068427,0.4552003016552029,0.6282619399310683,1
98,10.82,12.83,0.8256,5.18,2.63,4.853,5.0889999999999995,0.021718602455146563,0.08677685950413183,0.15880217785843875,0.15822072072072046,0.0,0.5315242689412163,0.2806499261447559,2
99,17.63,15.86,0.88,6.0329999999999995,3.573,3.747,5.928999999999999,0.6647780925401323,0.7128099173553717,0.6524500907441011,0.6385135135135132,0.6721311475409835,0.38771795238528656,0.69423929098966,1
100,13.37,13.78,0.8849,5.32,3.128,4.67,5.091,0.26251180358829096,0.28305785123966887,0.6969147005444647,0.2370495495495497,0.3549536707056309,0.5077299145743672,0.2816346627277202,2
101,19.31,16.59,0.8815,6.341,3.81,3.477,6.2379999999999995,0.8234183191690274,0.8636363636363633,0.6660617059891099,0.8119369369369371,0.8410548823948683,0.3526115279096075,0.8463810930576066,1
102,15.38,14.66,0.899,5.477,3.465,3.6,5.439,0.45231350330500497,0.46487603305785097,0.8248638838475504,0.32545045045045073,0.5951532430506059,0.36860445461519464,0.45297882816346613,3
103,18.89,16.23,0.9008,6.227,3.7689999999999997,3.639,5.966,0.7837582625118038,0.7892561983471071,0.8411978221415612,0.7477477477477481,0.8118317890235207,0.3736753825950149,0.7124569177744955,1
104,15.69,14.75,0.9058,5.527,3.514,1.599,5.046,0.481586402266289,0.4834710743801649,0.8865698729582583,0.35360360360360366,0.6300784034212399,0.10842684211210653,0.2594780896110289,3
105,18.94,16.49,0.875,6.445,3.639,5.064,6.362,0.7884796978281401,0.8429752066115697,0.6070780399274041,0.8704954954954958,0.719173200285103,0.5589592895499877,0.9074347612013787,1
106,18.36,16.52,0.8452,6.666,3.485,4.933,6.4479999999999995,0.7337110481586402,0.8491735537190079,0.3366606170598905,0.9949324324324329,0.6094084105488238,0.5419261724895656,0.9497784342688327,1
107,13.32,13.94,0.8613,5.541,3.073,7.035,5.44,0.2577903682719547,0.3161157024793386,0.4827586206896539,0.36148648648648685,0.31575196008553097,0.8152361882224449,0.45347119645494827,2
108,12.8,13.47,0.8859999999999999,5.16,3.1260000000000003,4.873,4.914,0.20868744098205871,0.21900826446280997,0.706896551724137,0.14695945945945965,0.3535281539558095,0.5341247448283037,0.19448547513540104,2
109,18.75,16.18,0.8999,6.111000000000001,3.8689999999999998,4.188,5.992000000000001,0.7705382436260624,0.7789256198347103,0.8330308529945558,0.6824324324324329,0.8831076265146114,0.44505844569556235,0.7252584933530284,1
110,15.6,15.11,0.858,5.832000000000001,3.286,2.725,5.752000000000001,0.4730878186968839,0.5578512396694211,0.4528130671506343,0.5253378378378382,0.4675694939415538,0.25483363455512364,0.6070901033973413,3
111,14.33,14.28,0.8831,5.504,3.199,3.3280000000000003,5.224,0.3531633616619454,0.38636363636363624,0.6805807622504538,0.3406531531531529,0.405559515324305,0.3332379825508069,0.3471196454948302,3
112,20.24,16.91,0.8897,6.315,3.9619999999999997,5.901,6.188,0.91123701605288,0.9297520661157024,0.7404718693284931,0.7972972972972974,0.9493941553813257,0.6677892054245929,0.8217626784835055,1
113,12.89,13.77,0.8541,5.495,3.0260000000000002,6.185,5.316,0.21718602455146385,0.2809917355371896,0.41742286751361046,0.3355855855855858,0.2822523164647188,0.704715963021233,0.3924175283111766,2
114,11.21,13.13,0.8167,5.279,2.687,6.169,5.275,0.05854579792256853,0.14876033057851235,0.07803992740471788,0.2139639639639639,0.040627227369921526,0.7026355823115631,0.3722304283604134,2
115,17.32,15.91,0.8599,6.064,3.403,3.824,5.922000000000001,0.635505193578848,0.7231404958677685,0.4700544464609795,0.6559684684684686,0.5509622238061296,0.3977297845505728,0.6907927129492863,1
116,13.5,13.85,0.8852,5.351,3.158,2.249,5.176,0.27478753541076495,0.2975206611570247,0.6996370235934659,0.2545045045045047,0.3763364219529579,0.19294230844244498,0.3234859675036925,3
117,14.28,14.17,0.8944,5.397,3.298,6.685,5.001,0.3484419263456091,0.3636363636363633,0.7831215970961889,0.2804054054054057,0.47612259444048477,0.7697278601984164,0.23732151649433764,2
118,11.48,13.05,0.8473,5.18,2.758,5.876,5.002,0.08404154863078395,0.1322314049586777,0.35571687840290345,0.15822072072072046,0.09123307198859609,0.6645386105657337,0.23781388478581933,2
119,20.97,17.25,0.8859,6.563,3.991,4.677,6.316,0.9801699716713881,1.0,0.7059891107078045,0.9369369369369367,0.9700641482537418,0.5086400811348477,0.8847858197932053,1
120,12.08,13.23,0.8664,5.099,2.9360000000000004,1.415,4.961,0.14069877242681783,0.16942148760330555,0.5290381125226853,0.11261261261261257,0.2181040627227373,0.08450246395090304,0.2176267848350566,3
121,11.56,13.31,0.8198,5.3629999999999995,2.6830000000000003,4.062,5.182,0.09159584513692165,0.1859504132231402,0.10617059891106972,0.2612612612612608,0.03777619387027831,0.4286754476069122,0.3264401772525849,2
122,12.46,13.41,0.8706,5.236000000000001,3.017,4.987,5.147,0.1765816808309728,0.20661157024793386,0.5671506352087112,0.18975225225225278,0.27583749109052014,0.5489474573847015,0.30920728705071365,2
123,12.54,13.67,0.8425,5.4510000000000005,2.8789999999999996,3.082,5.4910000000000005,0.1841359773371105,0.2603305785123964,0.3121597096188742,0.31081081081081097,0.1774768353528151,0.30125212913963256,0.4785819793205319,2
124,14.11,14.26,0.8722,5.52,3.168,2.688,5.218999999999999,0.33238904627006605,0.38223140495867725,0.5816696914700534,0.34966216216216184,0.38346400570206707,0.25002275416401204,0.3446578040374195,3
125,15.01,14.76,0.8657,5.789,3.245,1.791,5.001,0.4173748819641172,0.4855371900826442,0.5226860254083485,0.5011261261261262,0.4383464005702067,0.13339141062814497,0.23732151649433764,3
126,18.3,15.89,0.9108,5.979,3.755,2.8369999999999997,5.962000000000001,0.7280453257790369,0.71900826446281,0.9319419237749553,0.6081081081081083,0.8018531717747683,0.2693962995228127,0.7104874446085674,1
127,11.4,13.08,0.8375,5.136,2.763,5.587999999999999,5.0889999999999995,0.07648725212464602,0.13842975206611552,0.26678765880217714,0.13344594594594605,0.09479686386315045,0.6270917577916759,0.2806499261447559,2
128,14.11,14.18,0.882,5.541,3.221,2.7539999999999996,5.038,0.33238904627006605,0.3657024793388426,0.6705989110707797,0.36148648648648685,0.42124019957234515,0.2586043245914002,0.2555391432791727,3
129,14.46,14.35,0.8818,5.388,3.377,2.802,5.044,0.3654390934844194,0.4008264462809916,0.6687840290381128,0.2753378378378377,0.5324305060584462,0.2648454667204099,0.25849335302806464,3
130,11.36,13.05,0.8382,5.175,2.755,4.048,5.263,0.07271010387157695,0.1322314049586777,0.2731397459165148,0.15540540540540526,0.08909479686386312,0.426855114485951,0.3663220088626291,2
131,14.86,14.67,0.8676,5.678,3.258,2.129,5.351,0.40321057601510857,0.46694214876033024,0.5399274047186928,0.43862612612612617,0.4476122594440486,0.17733945311992094,0.4096504185130474,3
132,12.36,13.19,0.8923,5.0760000000000005,3.042,3.22,4.605,0.16713881019830024,0.161157024793388,0.764065335753175,0.09966216216216228,0.29365645046329303,0.31919541276053526,0.04234367306745446,2
133,18.98,16.66,0.8590000000000001,6.5489999999999995,3.67,3.6910000000000003,6.497999999999999,0.7922568460812089,0.8780991735537187,0.46188747731397495,0.929054054054054,0.7412687099073414,0.38043661990144206,0.9743968488429342,1
134,12.05,13.41,0.8416,5.267,2.847,4.988,5.046,0.1378659112370162,0.20661157024793386,0.30399274047186875,0.2072072072072073,0.1546685673556667,0.549077481179056,0.2594780896110289,2
135,17.63,15.98,0.8673,6.191,3.5610000000000004,4.0760000000000005,6.06,0.6647780925401323,0.7376033057851239,0.5372050816696907,0.7274774774774775,0.6635780470420529,0.43049578072787337,0.7587395371738057,1
136,19.14,16.61,0.8722,6.2589999999999995,3.737,6.682,6.053,0.8073654390934846,0.8677685950413219,0.5816696914700534,0.7657657657657655,0.7890235210263719,0.7693377888153534,0.7552929591334316,1
137,11.27,12.86,0.8563,5.091,2.804,3.985,5.001,0.06421152030217181,0.0929752066115701,0.43738656987295776,0.10810810810810834,0.12401995723449755,0.41866361544162584,0.23732151649433764,2
138,17.55,15.66,0.8991,5.791,3.69,5.3660000000000005,5.6610000000000005,0.6572237960339946,0.6714876033057848,0.8257713248638829,0.5022522522522523,0.7555238774055593,0.5982264754450066,0.5622845888724766,1
139,14.59,14.28,0.8993,5.351,3.333,4.185,4.781000000000001,0.3777148253068934,0.38636363636363624,0.8275862068965516,0.2545045045045047,0.5010691375623664,0.4446683743124992,0.12900049236829148,3
140,15.78,14.91,0.8923,5.6739999999999995,3.4339999999999997,5.593,5.136,0.49008498583569415,0.5165289256198347,0.764065335753175,0.4363738738738734,0.5730577334283675,0.6277418767634478,0.3037912358444115,3
141,14.92,14.43,0.9006,5.3839999999999995,3.412,1.1420000000000001,5.088,0.40887629839471207,0.4173553719008263,0.8393829401088926,0.2730855855855854,0.5573770491803278,0.04900596809216089,0.28015755785327423,3
142,11.24,13.0,0.8359,5.09,2.715,3.5210000000000004,5.088,0.06137865911237017,0.12190082644628086,0.25226860254083405,0.10754504504504503,0.06058446186742694,0.3583325748611997,0.28015755785327423,2
143,11.34,12.87,0.8596,5.053,2.8489999999999998,3.347,5.003,0.07082152974504252,0.09504132231404938,0.4673321234119783,0.08671171171171155,0.15609408410548808,0.3357084346435398,0.23830625307730147,2
144,12.74,13.67,0.8564,5.395,2.9560000000000004,2.504,4.869,0.20302171860245521,0.2603305785123964,0.4382940108892921,0.2792792792792791,0.23235923022095561,0.22609837600280852,0.17232890201870976,3
145,12.19,13.36,0.8579,5.24,2.909,4.857,5.1579999999999995,0.1510859301227574,0.19628099173553704,0.45190562613430085,0.19200450450450468,0.19885958660014258,0.5320443641186339,0.3146233382570158,2
146,19.13,16.31,0.9035,6.183,3.9019999999999997,2.109,5.9239999999999995,0.8064211520302171,0.8057851239669418,0.8656987295825758,0.7229729729729728,0.9066286528866712,0.1747389772328336,0.6917774495322497,1
147,10.74,12.73,0.8329,5.145,2.642,4.702,4.963,0.014164305949008638,0.06611570247933862,0.22504537205081565,0.13851351351351315,0.008553100498930988,0.511890675993707,0.21861152141802043,2
148,13.8,14.04,0.8794,5.376,3.155,1.56,4.961,0.303116147308782,0.33677685950413183,0.6470054446460969,0.26858108108108114,0.37419814682822516,0.10335591413228624,0.2176267848350566,3
149,12.44,13.59,0.8462,5.319,2.897,4.9239999999999995,5.27,0.17469310670443816,0.24380165289256173,0.34573502722322935,0.2364864864864864,0.1903064861012116,0.5407559583403764,0.3697685869030032,2
150,14.16,14.4,0.8584,5.6579999999999995,3.1289999999999996,3.072,5.176,0.33711048158640233,0.41115702479338845,0.45644283121597073,0.42736486486486447,0.35566642908054136,0.29995189119608895,0.3234859675036925,3
151,12.11,13.27,0.8639,5.236000000000001,2.975,4.132,5.012,0.14353163361661947,0.17768595041322266,0.5063520871143368,0.18975225225225278,0.24590163934426257,0.4377771132117178,0.2427375677006398,2
152,14.99,14.56,0.8883,5.57,3.377,2.958,5.175,0.4154863078375828,0.44421487603305776,0.7277676950998178,0.37781531531531565,0.5324305060584462,0.2851291786396911,0.3229935992122104,3
153,16.2,15.27,0.8734,5.8260000000000005,3.464,2.823,5.527,0.529745042492918,0.5909090909090908,0.592558983666061,0.5219594594594597,0.594440484675695,0.26757596640185155,0.49630723781388486,3
154,11.42,12.86,0.8683,5.008,2.85,2.7,4.607,0.07837582625118045,0.0929752066115701,0.5462794918330305,0.06137387387387383,0.15680684248039944,0.25158303969626444,0.04332840965041829,3
155,14.7,14.21,0.9153,5.205,3.466,1.767,4.649,0.38810198300283294,0.37190082644628086,0.9727767695099807,0.17229729729729737,0.5958660014255168,0.13027083956364016,0.0640078778926636,3
156,13.02,13.76,0.8641,5.395,3.0260000000000002,3.373,4.825,0.22946175637393762,0.2789256198347103,0.5081669691470045,0.2792792792792791,0.2822523164647188,0.3390890532967534,0.15066469719350062,2
157,11.26,13.01,0.8355,5.186,2.71,5.335,5.092,0.0632672332389046,0.12396694214876014,0.2486388384754985,0.16159909909909898,0.057020669992872586,0.5941957378200212,0.2821270310192019,2
158,15.38,14.77,0.8857,5.662000000000001,3.4189999999999996,1.999,5.222,0.45231350330500497,0.4876033057851239,0.7041742286751358,0.4296171171171177,0.5623663578047038,0.1604363598538533,0.34613490891186594,3
159,17.36,15.76,0.8785,6.145,3.574,3.5260000000000002,5.971,0.6392823418319169,0.6921487603305785,0.6388384754990915,0.7015765765765765,0.6728439059158944,0.3589826938329715,0.7149187592319053,1
160,20.88,17.05,0.9031,6.45,4.032,5.016,6.321000000000001,0.971671388101983,0.9586776859504131,0.862068965517242,0.873310810810811,0.9992872416250889,0.5527181474209781,0.8872476612506155,1
161,12.72,13.57,0.8686,5.226,3.049,4.102,4.914,0.2011331444759208,0.23966942148760317,0.5490018148820326,0.1841216216216215,0.29864575908766944,0.43387639938108685,0.19448547513540104,2
162,18.88,16.26,0.8969,6.084,3.764,1.649,6.109,0.7828139754485364,0.7954545454545454,0.8058076225045365,0.6672297297297294,0.8082679971489661,0.11492803182982488,0.7828655834564251,1
163,17.26,15.73,0.8763,5.978,3.594,4.539,5.791,0.6298394711992448,0.6859504132231402,0.618874773139745,0.607545045045045,0.6870990734141127,0.49069679751394507,0.6262924667651402,1
164,18.27,16.09,0.887,6.172999999999999,3.6510000000000002,2.443,6.197,0.7252124645892353,0.7603305785123964,0.7159709618874768,0.717342342342342,0.7277263007840344,0.21816692454719216,0.8261939931068438,1
165,11.65,13.07,0.8575,5.1080000000000005,2.85,5.209,5.135,0.10009442870632679,0.13636363636363624,0.4482758620689653,0.11768018018018056,0.15680684248039944,0.5778127397313709,0.30329886755292934,2
166,15.5,14.86,0.882,5.877000000000001,3.3960000000000004,4.711,5.528,0.4636449480642115,0.5061983471074378,0.6705989110707797,0.5506756756756759,0.5459729151817536,0.5130608901428964,0.49679960610536655,3
167,15.05,14.68,0.8779,5.712000000000001,3.3280000000000003,2.129,5.36,0.4211520302171863,0.4690082644628095,0.633393829401089,0.4577702702702706,0.49750534568781224,0.17733945311992094,0.4140817331363862,3
168,12.76,13.38,0.8964,5.073,3.155,2.8280000000000003,4.83,0.20491029272898964,0.20041322314049603,0.8012704174228666,0.09797297297297325,0.37419814682822516,0.2682260853736234,0.15312653865091086,3
169,11.43,13.13,0.8335,5.176,2.719,2.221,5.132000000000001,0.07932011331444766,0.14876033057851235,0.23049001814881986,0.15596846846846857,0.0634354953670706,0.1893016422005227,0.3018217626784834,3
170,16.19,15.16,0.8849,5.832999999999999,3.4210000000000003,0.903,5.307,0.5288007554296508,0.5681818181818179,0.6969147005444647,0.5259009009009006,0.5637918745545261,0.0179302812414672,0.3879862136878387,3
171,11.49,13.22,0.8263,5.303999999999999,2.695,5.388,5.31,0.08498583569405116,0.16735537190082628,0.1651542649727764,0.22804054054054035,0.04632929436920885,0.6010869989208026,0.3894633185622842,2
172,14.38,14.21,0.8951,5.386,3.312,2.4619999999999997,4.956,0.35788479697828146,0.37190082644628086,0.7894736842105257,0.274211711711712,0.48610121168923714,0.2206373766399251,0.21516494337764636,3
173,18.45,16.12,0.8921,6.107,3.7689999999999997,2.235,5.794,0.7422096317280453,0.7665289256198347,0.7622504537205081,0.6801801801801801,0.8118317890235207,0.19112197532148384,0.6277695716395861,1
174,20.16,17.03,0.8735,6.513,3.773,1.91,6.185,0.9036827195467423,0.9545454545454546,0.5934664246823953,0.9087837837837838,0.8146828225231648,0.1488642421563146,0.8202855736090591,1
175,19.11,16.26,0.9081,6.154,3.93,2.9360000000000004,6.079,0.8045325779036827,0.7954545454545454,0.9074410163339373,0.706644144144144,0.9265858873841768,0.2822686551638951,0.7680945347119641,1
176,14.69,14.49,0.8799,5.563,3.259,3.5860000000000003,5.218999999999999,0.3871576959395657,0.4297520661157024,0.6515426497277677,0.37387387387387383,0.4483250178189595,0.3667841214942335,0.3446578040374195,3
177,12.21,13.47,0.8453,5.357,2.8930000000000002,1.661,5.178,0.15297450424929204,0.21900826446280997,0.3375680580762248,0.2578828828828832,0.18745545260156837,0.11648831736207728,0.32447070408665635,3
178,16.44,15.25,0.888,5.8839999999999995,3.505,1.969,5.5329999999999995,0.5524079320113318,0.5867768595041318,0.7250453720508165,0.5546171171171168,0.6236635780470421,0.15653564602322229,0.49926144756277635,3
179,10.59,12.41,0.8648,4.899,2.787,4.975,4.794,0.0,0.0,0.5145190562613431,0.0,0.1119030648610122,0.5473871718524491,0.13540128015755748,2
180,14.37,14.39,0.8726,5.569,3.153,1.464,5.3,0.35694050991501425,0.40909090909090917,0.5852994555353899,0.37725225225225234,0.37277263007840333,0.09087362987426699,0.3845396356474642,3
181,13.45,14.02,0.8604,5.516,3.065,3.531,5.0969999999999995,0.27006610009442866,0.3326446280991733,0.4745916515426494,0.34740990990990994,0.31004989308624364,0.35963281280474335,0.28458887247661213,3
182,12.67,13.32,0.8977,4.984,3.135,2.3,4.745,0.1964117091595845,0.18801652892561949,0.8130671506352094,0.04786036036036023,0.35994297933000685,0.19957352195451766,0.1112752338749381,3
183,14.01,14.29,0.8625,5.609,3.158,2.217,5.132000000000001,0.3229461756373939,0.3884297520661155,0.49364791288566234,0.39977477477477485,0.3763364219529579,0.18878154702310523,0.3018217626784834,3
184,17.12,15.55,0.8892,5.85,3.5660000000000003,2.858,5.746,0.6166194523135036,0.6487603305785123,0.7359346642468232,0.5354729729729728,0.6671418389166075,0.2721267992042544,0.6041358936484489,3
185,16.84,15.67,0.8623,5.997999999999999,3.484,4.675,5.877000000000001,0.5901794145420209,0.6735537190082641,0.4918330308529937,0.6188063063063058,0.6086956521739129,0.508380033546139,0.6686361398325951,1
186,12.11,13.47,0.8392,5.159,3.032,1.5019999999999998,4.519,0.14353163361661947,0.21900826446280997,0.2822141560798537,0.14639639639639634,0.28652886671418387,0.0958145340597329,0.0,3
187,15.49,14.94,0.8724,5.757000000000001,3.3710000000000004,3.412,5.228,0.4627006610009443,0.5227272727272725,0.5834845735027212,0.48310810810810834,0.5281539558089812,0.34415998127657366,0.34908911866075787,3
188,13.16,13.55,0.9009,5.138,3.201,2.461,4.783,0.24268177525967904,0.23553719008264462,0.8421052631578938,0.13457207207207222,0.40698503207412684,0.22050735284557071,0.1299852289512553,3
189,11.75,13.52,0.8082,5.444,2.678,4.378,5.31,0.10953729933899914,0.22933884297520635,0.0009074410163334434,0.30686936936936915,0.03421240199572351,0.469762966622892,0.3894633185622842,2
190,11.23,12.63,0.884,4.902,2.8789999999999996,2.269,4.703,0.06043437204910296,0.045454545454545414,0.6887477313974593,0.0016891891891894772,0.1774768353528151,0.19554278432953232,0.09059576563269323,3
191,14.43,14.4,0.8751,5.585,3.272,3.975,5.144,0.3626062322946175,0.41115702479338845,0.6079854809437384,0.38626126126126126,0.45759087669280096,0.4173633774980822,0.3077301821762677,3
192,12.26,13.6,0.8333,5.4079999999999995,2.833,4.756,5.36,0.1576959395656281,0.245867768595041,0.2286751361161521,0.286599099099099,0.14468995010691388,0.5189119608888428,0.4140817331363862,2
193,18.14,16.12,0.8772,6.059,3.563,3.6189999999999998,6.011,0.7129367327667613,0.7665289256198347,0.6270417422867505,0.6531531531531534,0.6650035637918748,0.3710749067079276,0.7346134908911863,1
194,15.36,14.76,0.8861,5.7010000000000005,3.3930000000000002,1.367,5.132000000000001,0.4504249291784703,0.4855371900826442,0.7078039927404713,0.4515765765765769,0.5438346400570209,0.07826132182189342,0.3018217626784834,3
195,16.53,15.34,0.8823,5.875,3.467,5.532,5.88,0.5609065155807367,0.6053719008264462,0.673321234119781,0.5495495495495497,0.5965787598004277,0.6198104253078315,0.6701132447070406,1
196,18.76,16.2,0.8984,6.172000000000001,3.7960000000000003,3.12,6.053,0.7714825306893298,0.7830578512396689,0.8194192377495462,0.7167792792792795,0.8310762651461154,0.30619303332509856,0.7552929591334316,1
197,12.3,13.34,0.8684,5.242999999999999,2.9739999999999998,5.6370000000000005,5.063,0.16147308781869696,0.19214876033057848,0.5471869328493639,0.19369369369369327,0.2451888809693512,0.6334629237150401,0.267848350566223,2
198,19.18,16.63,0.8717,6.369,3.681,3.3569999999999998,6.229,0.8111425873465534,0.8719008264462804,0.5771324863883844,0.8277027027027026,0.7491090520313615,0.33700867258708345,0.8419497784342687,1
199,12.01,13.52,0.8249,5.405,2.7760000000000002,6.992000000000001,5.27,0.13408876298394712,0.22933884297520635,0.1524500907441011,0.28490990990990994,0.10406272273699257,0.8096451650652072,0.3697685869030032,2
200,14.88,14.57,0.8811,5.553999999999999,3.333,1.018,4.956,0.4050991501416432,0.44628099173553704,0.6624319419237743,0.36880630630630584,0.5010691375623664,0.032883017592219385,0.21516494337764636,3
201,17.08,15.38,0.9079,5.832000000000001,3.6830000000000003,2.9560000000000004,5.484,0.6128423040604343,0.6136363636363638,0.9056261343012704,0.5253378378378382,0.7505345687811833,0.28486913105098244,0.4751354012801574,3
202,14.8,14.52,0.8823,5.656000000000001,3.2880000000000003,3.112,5.309,0.3975448536355053,0.4359504132231402,0.673321234119781,0.4262387387387392,0.4689950106913756,0.3051528429702636,0.38897095027080253,3
203,11.55,13.1,0.8455,5.167000000000001,2.845,6.715,4.956,0.09065155807365444,0.14256198347107407,0.3393829401088926,0.15090090090090147,0.15324305060584487,0.7736285740290475,0.21516494337764636,2
204,16.41,15.25,0.8866,5.718,3.525,4.217,5.617999999999999,0.5495750708215299,0.5867768595041318,0.7123411978221412,0.4611486486486487,0.63791874554526,0.44882913573183897,0.5411127523387491,1
205,13.89,14.02,0.888,5.439,3.199,3.986,4.738,0.31161473087818714,0.3326446280991733,0.7250453720508165,0.30405405405405395,0.405559515324305,0.4187936392359803,0.10782865583456402,3
206,16.77,15.62,0.8638,5.9270000000000005,3.438,4.92,5.795,0.5835694050991502,0.6632231404958673,0.5054446460980033,0.5788288288288292,0.5759087669280116,0.5402358631629589,0.6282619399310683,1
207,14.03,14.16,0.8796,5.438,3.201,1.7169999999999999,5.001,0.32483474976392834,0.36157024793388404,0.6488203266787655,0.30349099099099064,0.40698503207412684,0.1237696498459218,0.23732151649433764,3
208,16.12,15.0,0.9,5.709,3.485,2.27,5.443,0.5221907459867803,0.5351239669421486,0.8339382940108884,0.4560810810810807,0.6094084105488238,0.1956728081238867,0.4549483013293938,3
209,15.57,15.15,0.8527,5.92,3.2310000000000003,2.64,5.879,0.47025495750708224,0.5661157024793386,0.40471869328493604,0.5748873873873874,0.4283677833214543,0.24378161203500243,0.6696208764155585,3
